state,district,date,income_mean,income_median,year,poverty_absolute,poverty_relative,gini,piped_water,sanitation,electricity
Johor,Batu Pahat,2019-01-01,7392,6504,2019,2.9,9.0,0.295,100.0,100.0,100.0
Johor,Batu Pahat,2022-01-01,7419,6347,2022,5.1,19.4,0.338,100.0,100.0,100.0
Johor,Johor Bahru,2019-01-01,9315,7342,2019,3.3,12.8,0.388,100.0,100.0,100.0
Johor,Johor Bahru,2022-01-01,9869,8232,2022,3.7,10.4,0.359,100.0,100.0,100.0
Johor,Kluang,2019-01-01,5953,4933,2019,5.0,24.9,0.333,100.0,100.0,100.0
Johor,Kluang,2022-01-01,6461,5204,2022,7.2,27.4,0.354,99.7,100.0,100.0
Johor,Kota Tinggi,2019-01-01,6982,5475,2019,6.0,20.8,0.361,98.8,98.98,100.0
Johor,Kota Tinggi,2022-01-01,7529,6227,2022,5.0,17.0,0.343,100.0,99.85,100.0
Johor,Kulai,2019-01-01,8602,7536,2019,3.2,10.1,0.324,100.0,100.0,100.0
Johor,Kulai,2022-01-01,9177,7460,2022,0.4,7.4,0.337,100.0,100.0,100.0
Johor,Mersing,2019-01-01,4937,3896,2019,12.1,41.2,0.377,98.3,100.0,100.0
Johor,Mersing,2022-01-01,5426,4445,2022,12.7,33.1,0.339,83.5,100.0,100.0
Johor,Muar,2019-01-01,7540,5963,2019,4.1,14.8,0.353,99.5,100.0,100.0
Johor,Muar,2022-01-01,7572,5724,2022,6.1,23.5,0.394,100.0,100.0,100.0
Johor,Pontian,2019-01-01,6776,5585,2019,5.8,23.0,0.354,100.0,100.0,100.0
Johor,Pontian,2022-01-01,6913,5616,2022,5.1,21.1,0.361,100.0,100.0,100.0
Johor,Segamat,2019-01-01,6431,5595,2019,2.9,20.5,0.315,100.0,100.0,100.0
Johor,Segamat,2022-01-01,6578,5318,2022,7.4,23.3,0.34,98.7,100.0,100.0
Johor,Tangkak,2019-01-01,6659,5561,2019,3.7,16.7,0.322,99.8,100.0,100.0
Johor,Tangkak,2022-01-01,7093,5622,2022,6.9,28.2,0.371,100.0,100.0,100.0
Kedah,Baling,2019-01-01,4313,3583,2019,17.9,23.9,0.339,96.9,100.0,100.0
Kedah,Baling,2022-01-01,4263,3400,2022,14.4,19.7,0.347,95.1,100.0,100.0
Kedah,Bandar Baharu,2019-01-01,4959,4022,2019,7.2,12.6,0.324,100.0,100.0,100.0
Kedah,Bandar Baharu,2022-01-01,4565,3922,2022,3.9,14.5,0.291,100.0,100.0,100.0
Kedah,Kota Setar,2019-01-01,5773,4532,2019,6.4,8.1,0.352,100.0,100.0,100.0
Kedah,Kota Setar,2022-01-01,5959,4751,2022,5.1,9.5,0.348,100.0,100.0,100.0
Kedah,Kuala Muda,2019-01-01,5656,4247,2019,10.9,13.7,0.384,99.9,100.0,100.0
Kedah,Kuala Muda,2022-01-01,5624,4200,2022,13.8,15.7,0.404,99.9,99.92,100.0
Kedah,Kubang Pasu,2019-01-01,6291,4814,2019,4.8,5.5,0.361,99.8,100.0,100.0
Kedah,Kubang Pasu,2022-01-01,6221,5201,2022,3.3,6.1,0.325,99.9,100.0,100.0
Kedah,Kulim,2019-01-01,5476,4489,2019,9.9,10.5,0.331,100.0,100.0,100.0
Kedah,Kulim,2022-01-01,5636,4498,2022,11.4,11.3,0.358,100.0,100.0,100.0
Kedah,Langkawi,2019-01-01,6737,5905,2019,0.9,1.3,0.276,99.5,100.0,100.0
Kedah,Langkawi,2022-01-01,6087,5250,2022,5.7,5.5,0.302,99.8,100.0,100.0
Kedah,Padang Terap,2019-01-01,4781,3722,2019,9.1,5.3,0.307,100.0,100.0,100.0
Kedah,Padang Terap,2022-01-01,4858,3902,2022,8.9,11.3,0.323,100.0,100.0,100.0
Kedah,Pendang,2019-01-01,4680,3765,2019,8.1,9.5,0.312,100.0,100.0,100.0
Kedah,Pendang,2022-01-01,4986,3801,2022,7.3,12.5,0.349,100.0,100.0,100.0
Kedah,Pokok Sena,2019-01-01,5046,4246,2019,7.3,8.6,0.303,100.0,100.0,100.0
Kedah,Pokok Sena,2022-01-01,5494,4668,2022,7.2,9.2,0.31,100.0,100.0,100.0
Kedah,Sik,2019-01-01,4960,4094,2019,7.6,8.9,0.32,91.9,100.0,100.0
Kedah,Sik,2022-01-01,5053,3703,2022,4.0,9.4,0.333,100.0,100.0,100.0
Kedah,Yan,2019-01-01,4397,3502,2019,12.7,24.1,0.369,100.0,100.0,100.0
Kedah,Yan,2022-01-01,4637,4080,2022,6.0,12.4,0.291,100.0,100.0,100.0
Kelantan,Bachok,2019-01-01,4728,3621,2019,13.1,10.7,0.361,42.3,100.0,100.0
Kelantan,Bachok,2022-01-01,4811,3625,2022,12.1,10.4,0.374,47.4,99.45,100.0
Kelantan,Gua Musang,2019-01-01,4009,2942,2019,17.2,16.3,0.367,90.7,100.0,100.0
Kelantan,Gua Musang,2022-01-01,4473,3342,2022,18.5,12.0,0.36,89.5,100.0,100.0
Kelantan,Jeli,2019-01-01,3872,2943,2019,18.5,9.6,0.328,77.4,100.0,100.0
Kelantan,Jeli,2022-01-01,3735,2906,2022,11.3,17.9,0.35,80.8,100.0,100.0
Kelantan,Kecil Lojing,2019-01-01,3002,3138,2019,33.3,11.1,0.233,44.4,100.0,100.0
Kelantan,Kecil Lojing,2022-01-01,3153,2630,2022,43.8,43.8,0.365,87.5,100.0,100.0
Kelantan,Kota Bharu,2019-01-01,5577,4171,2019,9.1,7.5,0.381,64.3,100.0,100.0
Kelantan,Kota Bharu,2022-01-01,5693,4330,2022,10.5,7.5,0.384,68.4,99.57,100.0
Kelantan,Kuala Krai,2019-01-01,3979,2896,2019,22.4,17.3,0.382,83.3,100.0,100.0
Kelantan,Kuala Krai,2022-01-01,3798,2763,2022,22.4,30.6,0.399,70.0,100.0,100.0
Kelantan,Machang,2019-01-01,4841,3708,2019,7.1,8.8,0.352,70.1,99.73,100.0
Kelantan,Machang,2022-01-01,4987,3429,2022,12.0,14.6,0.414,68.0,100.0,100.0
Kelantan,Pasir Mas,2019-01-01,4745,3341,2019,13.1,9.5,0.381,71.9,100.0,100.0
Kelantan,Pasir Mas,2022-01-01,4602,3508,2022,9.0,10.9,0.362,80.3,100.0,100.0
Kelantan,Pasir Puteh,2019-01-01,4688,3458,2019,12.7,12.1,0.386,65.8,100.0,100.0
Kelantan,Pasir Puteh,2022-01-01,4712,3453,2022,15.9,12.3,0.378,68.5,99.76,100.0
Kelantan,Tanah Merah,2019-01-01,4338,3166,2019,12.0,8.9,0.346,74.8,100.0,100.0
Kelantan,Tanah Merah,2022-01-01,4177,2991,2022,17.9,14.7,0.377,70.7,99.77,100.0
Kelantan,Tumpat,2019-01-01,4838,3500,2019,12.5,8.7,0.374,66.9,100.0,100.0
Kelantan,Tumpat,2022-01-01,4741,3749,2022,13.5,11.2,0.367,70.8,100.0,100.0
Melaka,Alor Gajah,2019-01-01,7050,5907,2019,3.8,18.8,0.356,100.0,100.0,100.0
Melaka,Alor Gajah,2022-01-01,7235,5611,2022,4.8,14.1,0.343,100.0,100.0,100.0
Melaka,Jasin,2019-01-01,7340,5640,2019,3.0,17.4,0.386,100.0,100.0,100.0
Melaka,Jasin,2022-01-01,7145,5895,2022,5.5,16.0,0.332,100.0,100.0,100.0
Melaka,Melaka Tengah,2019-01-01,8100,6250,2019,4.2,16.2,0.389,100.0,100.0,100.0
Melaka,Melaka Tengah,2022-01-01,8593,6557,2022,3.7,12.2,0.383,100.0,100.0,100.0
Negeri Sembilan,Jelebu,2019-01-01,5414,3976,2019,5.2,18.4,0.379,100.0,100.0,100.0
Negeri Sembilan,Jelebu,2022-01-01,4445,3636,2022,7.3,29.9,0.326,95.1,100.0,100.0
Negeri Sembilan,Jempol,2019-01-01,4926,3676,2019,6.2,14.4,0.344,100.0,100.0,100.0
Negeri Sembilan,Jempol,2022-01-01,4848,3830,2022,8.0,21.8,0.331,100.0,100.0,100.0
Negeri Sembilan,Kuala Pilah,2019-01-01,5040,3587,2019,8.3,23.0,0.366,100.0,100.0,100.0
Negeri Sembilan,Kuala Pilah,2022-01-01,4509,3471,2022,6.8,31.5,0.346,100.0,100.0,100.0
Negeri Sembilan,Port Dickson,2019-01-01,6393,4959,2019,4.3,10.0,0.378,100.0,100.0,100.0
Negeri Sembilan,Port Dickson,2022-01-01,6054,4805,2022,4.9,13.8,0.345,100.0,100.0,100.0
Negeri Sembilan,Rembau,2019-01-01,5163,4135,2019,5.7,20.8,0.362,98.5,100.0,100.0
Negeri Sembilan,Rembau,2022-01-01,5544,4655,2022,3.0,19.0,0.344,100.0,100.0,100.0
Negeri Sembilan,Seremban,2019-01-01,7611,5599,2019,3.2,7.9,0.386,99.9,100.0,100.0
Negeri Sembilan,Seremban,2022-01-01,7900,6384,2022,3.0,7.5,0.354,100.0,100.0,100.0
Negeri Sembilan,Tampin,2019-01-01,5786,4332,2019,4.8,18.6,0.386,100.0,100.0,100.0
Negeri Sembilan,Tampin,2022-01-01,5097,4012,2022,7.3,21.5,0.347,100.0,100.0,100.0
Pahang,Bentong,2019-01-01,5300,4220,2019,3.3,3.9,0.284,99.5,100.0,100.0
Pahang,Bentong,2022-01-01,5563,4691,2022,2.8,0.0,0.244,98.9,100.0,100.0
Pahang,Bera,2019-01-01,4566,3636,2019,2.9,8.5,0.29,99.4,100.0,100.0
Pahang,Bera,2022-01-01,4567,3866,2022,8.5,10.0,0.256,98.7,100.0,100.0
Pahang,Cameron Highlands,2019-01-01,6576,5729,2019,0.4,1.3,0.273,96.1,100.0,100.0
Pahang,Cameron Highlands,2022-01-01,6265,5221,2022,1.9,0.0,0.272,94.5,100.0,100.0
Pahang,Jerantut,2019-01-01,4452,3781,2019,9.9,10.0,0.288,100.0,100.0,100.0
Pahang,Jerantut,2022-01-01,4537,3781,2022,8.6,15.3,0.29,97.4,100.0,100.0
Pahang,Kuantan,2019-01-01,7071,5654,2019,1.8,3.0,0.329,99.2,100.0,100.0
Pahang,Kuantan,2022-01-01,6938,5926,2022,4.1,5.0,0.306,99.9,100.0,100.0
Pahang,Lipis,2019-01-01,4504,3646,2019,5.8,8.4,0.292,98.0,100.0,100.0
Pahang,Lipis,2022-01-01,4959,4115,2022,9.2,8.6,0.28,84.3,91.12,93.5
Pahang,Maran,2019-01-01,4678,3671,2019,6.4,8.4,0.313,97.3,99.67,100.0
Pahang,Maran,2022-01-01,5036,4319,2022,8.8,12.1,0.288,100.0,100.0,100.0
Pahang,Pekan,2019-01-01,5026,4092,2019,6.6,8.9,0.317,92.5,100.0,100.0
Pahang,Pekan,2022-01-01,4780,4053,2022,11.6,15.4,0.303,96.7,100.0,100.0
Pahang,Raub,2019-01-01,5005,3805,2019,4.7,3.9,0.313,90.0,100.0,100.0
Pahang,Raub,2022-01-01,5445,4375,2022,2.3,1.1,0.257,100.0,100.0,100.0
Pahang,Rompin,2019-01-01,4641,3579,2019,6.7,6.3,0.295,96.3,100.0,100.0
Pahang,Rompin,2022-01-01,5103,4148,2022,12.0,14.9,0.329,97.0,98.27,97.8
Pahang,Temerloh,2019-01-01,5205,4173,2019,6.1,10.2,0.323,100.0,100.0,100.0
Pahang,Temerloh,2022-01-01,5180,4283,2022,6.6,8.7,0.291,100.0,100.0,100.0
Perak,Bagan Datuk,2019-01-01,5705,4503,2019,6.4,11.0,0.364,100.0,100.0,100.0
Perak,Bagan Datuk,2022-01-01,5160,4076,2022,12.4,19.8,0.361,100.0,100.0,100.0
Perak,Batang Padang,2019-01-01,5637,4067,2019,7.1,12.6,0.394,99.4,100.0,100.0
Perak,Batang Padang,2022-01-01,5178,3953,2022,13.3,18.1,0.37,94.9,100.0,100.0
Perak,Hilir Perak,2019-01-01,4783,3484,2019,12.0,16.5,0.369,99.6,100.0,100.0
Perak,Hilir Perak,2022-01-01,5203,4199,2022,14.8,22.3,0.39,100.0,100.0,100.0
Perak,Hulu Perak,2019-01-01,4554,3532,2019,12.9,19.2,0.354,96.6,99.66,99.7
Perak,Hulu Perak,2022-01-01,4891,3467,2022,16.3,18.5,0.399,95.4,100.0,100.0
Perak,Kampar,2019-01-01,4845,3821,2019,7.0,16.7,0.359,99.9,100.0,100.0
Perak,Kampar,2022-01-01,5087,4347,2022,4.7,10.3,0.306,98.7,100.0,100.0
Perak,Kerian,2019-01-01,5532,4512,2019,6.0,8.3,0.306,100.0,100.0,100.0
Perak,Kerian,2022-01-01,5276,3996,2022,8.7,18.9,0.364,100.0,100.0,100.0
Perak,Kinta,2019-01-01,6120,4556,2019,4.9,9.9,0.4,99.8,100.0,100.0
Perak,Kinta,2022-01-01,6308,5037,2022,3.8,9.4,0.358,100.0,100.0,100.0
Perak,Kuala Kangsar,2019-01-01,5156,3875,2019,10.6,14.4,0.387,99.7,100.0,100.0
Perak,Kuala Kangsar,2022-01-01,5176,3813,2022,13.0,17.2,0.391,99.6,100.0,100.0
Perak,Larut dan Matang,2019-01-01,5364,4345,2019,7.9,8.3,0.325,97.8,100.0,99.8
Perak,Larut dan Matang,2022-01-01,5400,4029,2022,9.2,14.4,0.365,97.6,100.0,100.0
Perak,Manjung,2019-01-01,6137,4636,2019,6.9,8.8,0.383,99.9,100.0,100.0
Perak,Manjung,2022-01-01,6318,5135,2022,3.8,11.1,0.354,100.0,100.0,100.0
Perak,Muallim,2019-01-01,5488,3915,2019,11.6,14.2,0.391,100.0,100.0,100.0
Perak,Muallim,2022-01-01,6122,5015,2022,9.2,14.8,0.359,100.0,100.0,100.0
Perak,Perak Tengah,2019-01-01,5390,4097,2019,10.0,14.2,0.373,99.8,100.0,100.0
Perak,Perak Tengah,2022-01-01,5956,4564,2022,11.1,17.3,0.391,100.0,100.0,100.0
Perak,Selama,2022-01-01,4439,3673,2022,5.3,18.9,0.299,,,
Perlis,Perlis,2019-01-01,5476,4594,2019,3.9,12.0,0.334,99.6,100.0,100.0
Perlis,Perlis,2022-01-01,5664,4713,2022,4.0,12.6,0.336,100.0,100.0,100.0
Pulau Pinang,Barat Daya,2019-01-01,8393,6576,2019,1.0,10.8,0.361,100.0,100.0,100.0
Pulau Pinang,Barat Daya,2022-01-01,9254,7247,2022,1.4,9.0,0.357,100.0,100.0,100.0
Pulau Pinang,Seberang Perai Selatan,2019-01-01,6843,5797,2019,2.1,15.3,0.323,100.0,100.0,100.0
Pulau Pinang,Seberang Perai Selatan,2022-01-01,7472,6231,2022,3.1,18.2,0.36,100.0,100.0,100.0
Pulau Pinang,Seberang Perai Tengah,2019-01-01,7457,5849,2019,2.3,16.9,0.367,99.9,100.0,99.9
Pulau Pinang,Seberang Perai Tengah,2022-01-01,8056,6220,2022,2.4,16.6,0.377,99.9,100.0,99.9
Pulau Pinang,Seberang Perai Utara,2019-01-01,6914,5566,2019,4.6,18.1,0.359,99.8,100.0,100.0
Pulau Pinang,Seberang Perai Utara,2022-01-01,7330,6103,2022,3.7,18.7,0.35,100.0,100.0,100.0
Pulau Pinang,Timur Laut,2019-01-01,8493,6902,2019,0.5,8.6,0.356,100.0,99.86,100.0
Pulau Pinang,Timur Laut,2022-01-01,8727,6714,2022,0.7,14.5,0.38,100.0,100.0,100.0
Sabah,Beaufort,2019-01-01,4861,3765,2019,21.0,19.1,0.362,89.5,99.64,99.6
Sabah,Beaufort,2022-01-01,4902,4018,2022,19.8,13.8,0.338,89.8,100.0,99.7
Sabah,Beluran,2019-01-01,3907,2849,2019,45.0,33.3,0.385,55.5,83.7,95.7
Sabah,Beluran,2022-01-01,4501,3131,2022,37.7,29.1,0.399,63.6,95.7,83.4
Sabah,Kalabakan,2022-01-01,4938,3931,2022,33.3,21.8,0.368,,,
Sabah,Keningau,2019-01-01,5445,4097,2019,17.1,10.9,0.369,75.8,98.21,100.0
Sabah,Keningau,2022-01-01,5979,4502,2022,18.8,10.3,0.36,84.8,99.8,99.8
Sabah,Kinabatangan,2019-01-01,5128,4102,2019,32.1,19.1,0.378,76.6,91.56,100.0
Sabah,Kinabatangan,2022-01-01,5543,4162,2022,28.9,18.2,0.392,78.7,100.0,91.1
Sabah,Kota Belud,2019-01-01,4382,3025,2019,34.0,31.1,0.412,71.4,98.73,99.7
Sabah,Kota Belud,2022-01-01,4949,3429,2022,27.8,29.8,0.425,72.7,100.0,100.0
Sabah,Kota Kinabalu,2019-01-01,7665,6004,2019,7.5,5.1,0.382,93.5,99.08,99.9
Sabah,Kota Kinabalu,2022-01-01,8388,5957,2022,10.3,8.0,0.431,93.9,99.6,99.8
Sabah,Kota Marudu,2019-01-01,3771,2425,2019,46.1,42.3,0.43,76.5,80.85,99.3
Sabah,Kota Marudu,2022-01-01,4031,2677,2022,49.9,38.4,0.419,81.6,99.1,99.6
Sabah,Kuala Penyu,2019-01-01,4275,2949,2019,29.7,20.0,0.377,86.7,99.22,100.0
Sabah,Kuala Penyu,2022-01-01,4311,3487,2022,17.6,20.6,0.324,97.1,100.0,100.0
Sabah,Kudat,2019-01-01,3966,2592,2019,41.5,36.5,0.427,85.6,79.21,98.8
Sabah,Kudat,2022-01-01,4049,2994,2022,34.7,32.5,0.369,91.0,100.0,96.4
Sabah,Kunak,2019-01-01,5194,3723,2019,26.0,13.5,0.392,93.8,97.55,100.0
Sabah,Kunak,2022-01-01,5838,4480,2022,25.4,13.9,0.352,95.5,95.9,97.0
Sabah,Lahad Datu,2019-01-01,5681,4186,2019,19.3,9.0,0.369,75.4,92.14,99.9
Sabah,Lahad Datu,2022-01-01,5995,4457,2022,23.5,14.6,0.388,90.5,93.8,99.5
Sabah,Nabawan,2019-01-01,4443,3613,2019,35.6,12.7,0.299,50.0,97.78,100.0
Sabah,Nabawan,2022-01-01,5016,4110,2022,27.1,10.4,0.311,68.8,100.0,95.8
Sabah,Papar,2019-01-01,5733,4571,2019,12.7,10.8,0.355,97.3,99.85,100.0
Sabah,Papar,2022-01-01,5980,4871,2022,16.2,10.5,0.341,95.6,100.0,99.8
Sabah,Penampang,2019-01-01,6570,5493,2019,4.4,4.0,0.321,96.9,100.0,100.0
Sabah,Penampang,2022-01-01,7491,6265,2022,6.7,5.6,0.33,97.0,100.0,99.3
Sabah,Pitas,2019-01-01,3378,1999,2019,53.6,56.6,0.458,65.9,74.64,98.6
Sabah,Pitas,2022-01-01,3406,2329,2022,52.7,46.7,0.386,76.6,100.0,98.2
Sabah,Putatan,2019-01-01,6471,5119,2019,10.9,8.8,0.357,98.5,100.0,100.0
Sabah,Putatan,2022-01-01,7110,5699,2022,12.9,7.9,0.351,96.8,100.0,100.0
Sabah,Ranau,2019-01-01,4756,3571,2019,26.8,21.3,0.397,35.3,94.84,100.0
Sabah,Ranau,2022-01-01,5270,4058,2022,25.4,21.1,0.375,47.4,99.0,94.7
Sabah,Sandakan,2019-01-01,6020,4680,2019,18.2,11.5,0.386,96.0,94.98,99.9
Sabah,Sandakan,2022-01-01,6030,4828,2022,17.7,10.0,0.347,97.0,99.9,99.5
Sabah,Semporna,2019-01-01,5933,3542,2019,31.5,18.0,0.474,90.3,87.19,99.7
Sabah,Semporna,2022-01-01,5098,4093,2022,28.0,16.9,0.341,71.8,84.1,100.0
Sabah,Sipitang,2019-01-01,5271,3944,2019,10.5,6.2,0.347,98.0,99.5,100.0
Sabah,Sipitang,2022-01-01,5479,4182,2022,22.1,15.1,0.36,93.7,99.4,100.0
Sabah,Tambunan,2019-01-01,4826,3581,2019,16.7,19.1,0.378,68.2,96.97,100.0
Sabah,Tambunan,2022-01-01,5113,4055,2022,9.0,13.5,0.337,74.4,99.2,100.0
Sabah,Tawau,2019-01-01,6212,4427,2019,14.2,9.0,0.387,98.6,99.1,99.9
Sabah,Tawau,2022-01-01,6315,4783,2022,14.4,12.5,0.388,98.4,99.1,99.9
Sabah,Telupid,2019-01-01,4762,2757,2019,40.7,35.5,0.447,72.1,100.0,100.0
Sabah,Telupid,2022-01-01,4819,3953,2022,20.8,16.7,0.321,80.0,100.0,100.0
Sabah,Tenom,2019-01-01,4734,3525,2019,17.2,11.3,0.347,54.3,100.0,100.0
Sabah,Tenom,2022-01-01,5217,4045,2022,15.8,12.4,0.336,50.9,100.0,100.0
Sabah,Tongod,2019-01-01,3364,2197,2019,56.6,49.1,0.422,33.6,79.51,91.0
Sabah,Tongod,2022-01-01,4019,2856,2022,50.8,23.7,0.347,53.4,99.2,95.8
Sabah,Tuaran,2019-01-01,5050,3736,2019,16.7,16.5,0.383,78.3,98.59,100.0
Sabah,Tuaran,2022-01-01,5166,3921,2022,25.8,19.2,0.366,76.5,100.0,100.0
Sarawak,Asajaya,2019-01-01,4316,3101,2019,20.0,28.4,0.383,90.6,100.0,99.4
Sarawak,Asajaya,2022-01-01,4557,3929,2022,17.9,19.9,0.301,100.0,100.0,100.0
Sarawak,Bau,2019-01-01,5183,4004,2019,9.6,13.0,0.346,90.8,99.62,99.6
Sarawak,Bau,2022-01-01,5621,4735,2022,8.3,18.7,0.36,92.1,100.0,100.0
Sarawak,Belaga,2019-01-01,4229,3442,2019,6.9,21.4,0.334,53.7,100.0,99.1
Sarawak,Belaga,2022-01-01,4239,3587,2022,19.5,28.1,0.33,48.5,100.0,91.8
Sarawak,Beluru,2019-01-01,4119,3104,2019,12.0,22.2,0.353,79.4,100.0,100.0
Sarawak,Beluru,2022-01-01,4873,4164,2022,13.7,18.9,0.302,90.5,100.0,100.0
Sarawak,Betong,2019-01-01,3962,2782,2019,22.4,31.3,0.374,83.4,100.0,99.6
Sarawak,Betong,2022-01-01,4422,3685,2022,9.8,21.3,0.305,95.8,100.0,100.0
Sarawak,Bintulu,2019-01-01,8324,7380,2019,2.1,2.6,0.322,97.5,99.88,99.9
Sarawak,Bintulu,2022-01-01,9645,8567,2022,3.5,1.9,0.318,96.8,100.0,98.1
Sarawak,Bukit Mabong,2019-01-01,4665,3829,2019,28.7,21.6,0.348,3.7,100.0,100.0
Sarawak,Bukit Mabong,2022-01-01,3509,2948,2022,8.2,39.2,0.297,21.6,100.0,40.2
Sarawak,Dalat,2019-01-01,4790,3486,2019,11.9,20.5,0.389,73.0,96.03,100.0
Sarawak,Dalat,2022-01-01,4841,4057,2022,11.1,19.0,0.315,89.7,100.0,93.7
Sarawak,Daro,2019-01-01,3712,3054,2019,18.5,25.8,0.32,80.6,99.68,100.0
Sarawak,Daro,2022-01-01,4368,3373,2022,32.5,34.5,0.389,83.0,100.0,97.5
Sarawak,Julau,2019-01-01,3506,2488,2019,13.0,43.2,0.401,58.5,100.0,100.0
Sarawak,Julau,2022-01-01,3548,2652,2022,31.2,46.8,0.374,46.8,100.0,93.6
Sarawak,Kabong,2019-01-01,3294,2945,2019,16.1,32.7,0.282,85.1,100.0,100.0
Sarawak,Kabong,2022-01-01,4002,3500,2022,8.6,26.9,0.314,82.8,100.0,100.0
Sarawak,Kanowit,2019-01-01,3480,2670,2019,21.9,41.8,0.387,71.9,100.0,99.1
Sarawak,Kanowit,2022-01-01,3711,2648,2022,24.9,45.7,0.386,77.8,100.0,93.7
Sarawak,Kapit,2019-01-01,4344,3261,2019,3.8,18.2,0.336,62.8,100.0,100.0
Sarawak,Kapit,2022-01-01,4053,2902,2022,20.6,37.9,0.366,57.3,100.0,88.8
Sarawak,Kuching,2019-01-01,7376,5740,2019,5.6,7.4,0.374,98.2,99.94,100.0
Sarawak,Kuching,2022-01-01,7588,5968,2022,9.1,10.1,0.376,99.5,100.0,100.0
Sarawak,Lawas,2019-01-01,5288,4044,2019,14.4,16.1,0.384,76.8,100.0,99.6
Sarawak,Lawas,2022-01-01,4476,3183,2022,18.1,33.7,0.406,65.0,100.0,98.4
Sarawak,Limbang,2019-01-01,5989,4628,2019,11.0,16.2,0.382,88.4,98.6,98.4
Sarawak,Limbang,2022-01-01,5148,4023,2022,14.6,20.5,0.351,87.6,100.0,98.4
Sarawak,Lubok Antu,2019-01-01,3905,2853,2019,7.9,32.1,0.365,71.5,100.0,100.0
Sarawak,Lubok Antu,2022-01-01,4129,3548,2022,14.8,32.7,0.352,90.1,100.0,95.1
Sarawak,Lundu,2019-01-01,4428,3409,2019,10.2,25.0,0.359,51.0,100.0,100.0
Sarawak,Lundu,2022-01-01,4935,3692,2022,13.1,23.2,0.352,63.6,100.0,100.0
Sarawak,Maradong,2019-01-01,4091,3021,2019,12.7,32.4,0.375,94.8,99.13,99.4
Sarawak,Maradong,2022-01-01,4117,3259,2022,19.5,36.4,0.362,96.7,100.0,99.5
Sarawak,Marudi,2019-01-01,4605,3382,2019,16.9,26.1,0.378,46.5,99.74,99.5
Sarawak,Marudi,2022-01-01,5373,4234,2022,12.9,20.6,0.361,47.4,99.5,95.7
Sarawak,Matu,2019-01-01,3901,2776,2019,24.1,35.3,0.383,74.4,90.51,99.3
Sarawak,Matu,2022-01-01,4362,3354,2022,20.8,30.8,0.369,87.7,100.0,93.8
Sarawak,Miri,2019-01-01,7235,5763,2019,4.7,6.0,0.353,99.0,99.91,99.7
Sarawak,Miri,2022-01-01,7932,6449,2022,6.3,6.0,0.342,98.5,99.9,96.3
Sarawak,Mukah,2019-01-01,5447,4238,2019,10.4,16.8,0.367,84.8,100.0,99.6
Sarawak,Mukah,2022-01-01,5962,4623,2022,14.0,21.4,0.386,88.5,99.5,97.2
Sarawak,Pakan,2019-01-01,3175,2637,2019,21.7,38.1,0.309,60.9,99.13,100.0
Sarawak,Pakan,2022-01-01,3936,3546,2022,17.6,29.4,0.312,87.3,100.0,96.1
Sarawak,Pusa,2019-01-01,2758,2449,2019,23.0,44.0,0.245,76.1,100.0,100.0
Sarawak,Pusa,2022-01-01,3395,3124,2022,17.2,28.0,0.225,74.2,100.0,95.7
Sarawak,Samarahan,2019-01-01,6789,5858,2019,4.7,6.5,0.324,96.6,100.0,99.8
Sarawak,Samarahan,2022-01-01,7123,5953,2022,7.9,6.7,0.324,100.0,100.0,100.0
Sarawak,Saratok,2019-01-01,4202,3142,2019,13.8,28.6,0.372,93.1,99.46,100.0
Sarawak,Saratok,2022-01-01,4621,3763,2022,7.4,12.6,0.29,98.3,100.0,100.0
Sarawak,Sarikei,2019-01-01,4609,3486,2019,9.1,25.4,0.372,98.9,100.0,100.0
Sarawak,Sarikei,2022-01-01,5440,3528,2022,20.9,30.0,0.449,96.7,100.0,100.0
Sarawak,Sebauh,2019-01-01,4202,3716,2019,7.4,14.5,0.257,41.4,100.0,100.0
Sarawak,Sebauh,2022-01-01,5120,4428,2022,4.8,16.9,0.303,68.7,100.0,100.0
Sarawak,Selangau,2019-01-01,3588,2671,2019,14.3,38.2,0.385,38.1,100.0,98.9
Sarawak,Selangau,2022-01-01,4128,3005,2022,19.6,38.0,0.393,38.5,100.0,93.3
Sarawak,Serian,2019-01-01,4878,3674,2019,16.8,20.0,0.375,79.8,99.59,99.4
Sarawak,Serian,2022-01-01,4988,4074,2022,14.6,22.7,0.345,86.2,100.0,99.0
Sarawak,Sibu,2019-01-01,6140,4809,2019,7.3,11.0,0.365,97.9,99.88,100.0
Sarawak,Sibu,2022-01-01,6645,5248,2022,10.2,14.8,0.374,98.1,99.9,100.0
Sarawak,Simunjan,2019-01-01,3833,2823,2019,21.1,35.6,0.377,57.0,100.0,99.5
Sarawak,Simunjan,2022-01-01,3917,3196,2022,17.9,33.8,0.314,70.5,100.0,100.0
Sarawak,Song,2019-01-01,3443,2662,2019,6.0,40.0,0.353,22.4,100.0,100.0
Sarawak,Song,2022-01-01,3477,2926,2022,15.8,41.2,0.322,29.8,100.0,78.1
Sarawak,Sri Aman,2019-01-01,4621,3557,2019,7.4,20.7,0.356,81.6,98.9,99.6
Sarawak,Sri Aman,2022-01-01,4881,3704,2022,8.9,28.4,0.395,84.7,100.0,97.9
Sarawak,Subis,2019-01-01,5528,4336,2019,7.5,10.0,0.347,86.4,100.0,100.0
Sarawak,Subis,2022-01-01,6390,5194,2022,4.7,14.0,0.341,67.4,100.0,100.0
Sarawak,Tanjung Manis,2019-01-01,3849,2944,2019,3.4,25.0,0.345,81.7,100.0,100.0
Sarawak,Tanjung Manis,2022-01-01,4017,3300,2022,20.7,33.7,0.334,92.4,100.0,100.0
Sarawak,Tatau,2019-01-01,5345,4638,2019,5.0,8.7,0.291,50.0,100.0,100.0
Sarawak,Tatau,2022-01-01,5617,4787,2022,5.9,14.1,0.303,63.7,100.0,77.8
Sarawak,Tebedu,2019-01-01,3439,2614,2019,38.6,40.3,0.37,36.2,100.0,100.0
Sarawak,Tebedu,2022-01-01,3218,2579,2022,26.9,44.1,0.312,44.1,100.0,91.4
Sarawak,Telang Usan,2019-01-01,4415,3375,2019,13.6,23.7,0.358,32.1,100.0,100.0
Sarawak,Telang Usan,2022-01-01,4692,3870,2022,6.0,20.5,0.311,57.8,100.0,92.8
Selangor,Gombak,2019-01-01,11536,8501,2019,0.4,14.5,0.402,100.0,100.0,100.0
Selangor,Gombak,2022-01-01,13523,10180,2022,2.4,13.8,0.392,100.0,100.0,100.0
Selangor,Klang,2019-01-01,9980,7888,2019,1.7,16.6,0.378,100.0,100.0,100.0
Selangor,Klang,2022-01-01,10278,8203,2022,2.2,20.3,0.347,100.0,99.9,100.0
Selangor,Kuala Langat,2019-01-01,8375,6950,2019,2.4,19.7,0.336,100.0,100.0,100.0
Selangor,Kuala Langat,2022-01-01,11048,10093,2022,0.3,9.4,0.277,100.0,100.0,100.0
Selangor,Kuala Selangor,2019-01-01,7866,5855,2019,3.5,30.4,0.4,100.0,100.0,100.0
Selangor,Kuala Selangor,2022-01-01,9410,7644,2022,2.8,25.2,0.346,,100.0,100.0
Selangor,Petaling,2019-01-01,12145,8993,2019,1.1,14.4,0.409,100.0,100.0,100.0
Selangor,Petaling,2022-01-01,12760,9618,2022,1.6,14.9,0.392,100.0,100.0,100.0
Selangor,Sabak Bernam,2019-01-01,6042,4454,2019,4.7,46.2,0.391,100.0,100.0,100.0
Selangor,Sabak Bernam,2022-01-01,6930,5533,2022,5.3,42.6,0.321,100.0,100.0,100.0
Selangor,Sepang,2019-01-01,12254,8937,2019,0.7,7.9,0.397,100.0,100.0,100.0
Selangor,Sepang,2022-01-01,13673,12608,2022,0.0,3.4,0.229,100.0,100.0,100.0
Selangor,Ulu Langat,2019-01-01,10252,8361,2019,0.6,10.5,0.338,,,
Selangor,Ulu Langat,2022-01-01,13386,11210,2022,0.5,7.0,0.326,,,
Selangor,Ulu Selangor,2019-01-01,7598,6249,2019,1.5,26.6,0.339,,,
Selangor,Ulu Selangor,2022-01-01,8779,7678,2022,1.7,23.9,0.297,,,
Terengganu,Besut,2019-01-01,5819,4527,2019,10.1,9.5,0.332,83.4,100.0,100.0
Terengganu,Besut,2022-01-01,6285,4743,2022,12.7,11.3,0.33,93.8,100.0,100.0
Terengganu,Dungun,2019-01-01,7564,6044,2019,5.1,6.1,0.341,98.1,100.0,100.0
Terengganu,Dungun,2022-01-01,7902,6356,2022,2.2,2.4,0.308,99.4,100.0,100.0
Terengganu,Hulu Terengganu,2019-01-01,5363,4368,2019,7.9,19.7,0.339,99.2,100.0,100.0
Terengganu,Hulu Terengganu,2022-01-01,5821,5090,2022,10.8,16.2,0.293,99.4,100.0,100.0
Terengganu,Kemaman,2019-01-01,7854,6592,2019,4.6,5.6,0.346,99.8,100.0,100.0
Terengganu,Kemaman,2022-01-01,8381,6425,2022,4.1,5.8,0.378,100.0,100.0,100.0
Terengganu,Kuala Nerus,2019-01-01,7647,6730,2019,5.4,7.9,0.316,96.2,100.0,100.0
Terengganu,Kuala Nerus,2022-01-01,7983,6800,2022,1.9,3.5,0.273,99.4,100.0,100.0
Terengganu,Kuala Terengganu,2019-01-01,6691,5614,2019,4.4,4.8,0.298,97.9,100.0,100.0
Terengganu,Kuala Terengganu,2022-01-01,7109,5872,2022,5.9,5.0,0.3,98.6,100.0,100.0
Terengganu,Marang,2019-01-01,5928,5060,2019,8.2,12.0,0.31,97.3,100.0,100.0
Terengganu,Marang,2022-01-01,6357,5291,2022,9.0,11.8,0.325,99.4,100.0,100.0
Terengganu,Setiu,2019-01-01,5600,4231,2019,6.5,11.1,0.329,98.5,100.0,100.0
Terengganu,Setiu,2022-01-01,6030,5211,2022,7.5,6.0,0.275,97.2,100.0,100.0
W.P. Kuala Lumpur,W.P. Kuala Lumpur,2019-01-01,13257,10549,2019,0.2,10.6,0.35,100.0,100.0,100.0
W.P. Kuala Lumpur,W.P. Kuala Lumpur,2022-01-01,13325,10234,2022,1.4,12.7,0.38,100.0,100.0,100.0
W.P. Labuan,W.P. Labuan,2019-01-01,8319,6726,2019,3.1,12.9,0.333,100.0,99.26,100.0
W.P. Labuan,W.P. Labuan,2022-01-01,8250,6904,2022,2.5,7.0,0.3,100.0,100.0,100.0
W.P. Putrajaya,W.P. Putrajaya,2019-01-01,12840,9983,2019,0.4,12.1,0.361,100.0,100.0,100.0
W.P. Putrajaya,W.P. Putrajaya,2022-01-01,13473,10056,2022,0.1,11.4,0.368,100.0,100.0,100.0
